"headline","link","date"
"Stocks to watch: Tesla, Lloyds, L'Oréal, Coca-Cola and Unilever","https://uk.finance.yahoo.com/news/tesla-lloyds-loreal-coca-cola-unilever-stocks-to-watch-160729628.html",2024-10-21
"Best savings accounts that offer above-inflation rates, 18 October","https://uk.finance.yahoo.com/news/best-savings-accounts-above-inflation-rates-050002978.html",2024-10-21
"Artificial Intelligence and Trust to Reshape Healthcare by 2035, HSBC Report Charts Path to Innovation","https://uk.finance.yahoo.com/news/artificial-intelligence-trust-reshape-healthcare-160000653.html",2024-10-21
"HSBC expands Nova Credit partnership","https://www.retailbankerinternational.com/news/hsbc-expands-nova-credit-partnership/",2024-10-21
"LSEG Fires Staffer After Video Shows Him Following a Black Teen","https://uk.finance.yahoo.com/news/lseg-fires-staffer-video-shows-204743892.html",2024-10-21
"Pound hits two-year high against euro","https://uk.finance.yahoo.com/news/pound-hits-two-high-against-170652048.html",2024-10-21
"Should Value Investors Buy Marks and Spencer Group (MAKSY) Stock?","https://uk.finance.yahoo.com/news/value-investors-buy-marks-spencer-134013116.html",2024-10-21
"Third of households buy groceries from M&S","https://uk.finance.yahoo.com/news/third-households-buy-groceries-m-121434935.html",2024-10-21
"Stocks to watch: Tesla, Lloyds, L'Oréal, Coca-Cola and Unilever","https://uk.finance.yahoo.com/news/tesla-lloyds-loreal-coca-cola-unilever-stocks-to-watch-160729628.html",2024-10-21
"The best stocks to buy in the UK, according to Barclays","https://uk.finance.yahoo.com/news/stocks-to-buy-in-uk-barclays-112746348.html",2024-10-21
